{
    "+libraries": [
        {
            "name": "net.minecraftforge:forge:1.10.2-12.18.3.2185:universal",
            "url": "http://files.minecraftforge.net/maven/"
        },
        {
            "name": "net.minecraft:launchwrapper:1.12"
        },
        {
            "name": "org.ow2.asm:asm-all:5.0.3"
        },
        {
            "name": "jline:jline:2.13",
            "url": "http://files.minecraftforge.net/maven/"
        },
        {
            "MMC-hint": "forge-pack-xz",
            "name": "com.typesafe.akka:akka-actor_2.11:2.3.3",
            "url": "http://files.minecraftforge.net/maven/"
        },
        {
            "MMC-hint": "forge-pack-xz",
            "name": "com.typesafe:config:1.2.1",
            "url": "http://files.minecraftforge.net/maven/"
        },
        {
            "MMC-hint": "forge-pack-xz",
            "name": "org.scala-lang:scala-actors-migration_2.11:1.1.0",
            "url": "http://files.minecraftforge.net/maven/"
        },
        {
            "MMC-hint": "forge-pack-xz",
            "name": "org.scala-lang:scala-compiler:2.11.1",
            "url": "http://files.minecraftforge.net/maven/"
        },
        {
            "MMC-hint": "forge-pack-xz",
            "name": "org.scala-lang.plugins:scala-continuations-library_2.11:1.0.2",
            "url": "http://files.minecraftforge.net/maven/"
        },
        {
            "MMC-hint": "forge-pack-xz",
            "name": "org.scala-lang.plugins:scala-continuations-plugin_2.11.1:1.0.2",
            "url": "http://files.minecraftforge.net/maven/"
        },
        {
            "MMC-hint": "forge-pack-xz",
            "name": "org.scala-lang:scala-library:2.11.1",
            "url": "http://files.minecraftforge.net/maven/"
        },
        {
            "MMC-hint": "forge-pack-xz",
            "name": "org.scala-lang:scala-parser-combinators_2.11:1.0.1",
            "url": "http://files.minecraftforge.net/maven/"
        },
        {
            "MMC-hint": "forge-pack-xz",
            "name": "org.scala-lang:scala-reflect:2.11.1",
            "url": "http://files.minecraftforge.net/maven/"
        },
        {
            "MMC-hint": "forge-pack-xz",
            "name": "org.scala-lang:scala-swing_2.11:1.0.1",
            "url": "http://files.minecraftforge.net/maven/"
        },
        {
            "MMC-hint": "forge-pack-xz",
            "name": "org.scala-lang:scala-xml_2.11:1.0.2",
            "url": "http://files.minecraftforge.net/maven/"
        },
        {
            "name": "lzma:lzma:0.0.1"
        },
        {
            "name": "net.sf.jopt-simple:jopt-simple:4.6"
        },
        {
            "name": "java3d:vecmath:1.5.2"
        },
        {
            "name": "net.sf.trove4j:trove4j:3.0.3"
        }
    ],
    "+tweakers": [
        "net.minecraftforge.fml.common.launcher.FMLTweaker"
    ],
    "fileId": "net.minecraftforge",
    "mainClass": "net.minecraft.launchwrapper.Launch",
    "mcVersion": "1.10.2",
    "name": "Forge",
    "order": 5,
    "version": "1.10.2-12.18.3.2185"
}
