{
    "+tweakers": [
        "cpw.mods.fml.common.launcher.FMLTweaker"
    ],
    "assets": "1.7.10",
    "fileId": "net.minecraftforge",
    "libraries": [
        {
            "name": "net.minecraftforge:forge:1.7.10-10.13.4.1558-1.7.10:universal",
            "url": "http://files.minecraftforge.net/maven/"
        },
        {
            "name": "net.minecraft:launchwrapper:1.12"
        },
        {
            "name": "org.ow2.asm:asm-all:5.0.3"
        },
        {
            "MMC-hint": "forge-pack-xz",
            "name": "com.typesafe.akka:akka-actor_2.11:2.3.3",
            "url": "http://files.minecraftforge.net/maven/"
        },
        {
            "MMC-hint": "forge-pack-xz",
            "name": "com.typesafe:config:1.2.1",
            "url": "http://files.minecraftforge.net/maven/"
        },
        {
            "MMC-hint": "forge-pack-xz",
            "name": "org.scala-lang:scala-actors-migration_2.11:1.1.0",
            "url": "http://files.minecraftforge.net/maven/"
        },
        {
            "MMC-hint": "forge-pack-xz",
            "name": "org.scala-lang:scala-compiler:2.11.1",
            "url": "http://files.minecraftforge.net/maven/"
        },
        {
            "MMC-hint": "forge-pack-xz",
            "name": "org.scala-lang.plugins:scala-continuations-library_2.11:1.0.2",
            "url": "http://files.minecraftforge.net/maven/"
        },
        {
            "MMC-hint": "forge-pack-xz",
            "name": "org.scala-lang.plugins:scala-continuations-plugin_2.11.1:1.0.2",
            "url": "http://files.minecraftforge.net/maven/"
        },
        {
            "MMC-hint": "forge-pack-xz",
            "name": "org.scala-lang:scala-library:2.11.1",
            "url": "http://files.minecraftforge.net/maven/"
        },
        {
            "MMC-hint": "forge-pack-xz",
            "name": "org.scala-lang:scala-parser-combinators_2.11:1.0.1",
            "url": "http://files.minecraftforge.net/maven/"
        },
        {
            "MMC-hint": "forge-pack-xz",
            "name": "org.scala-lang:scala-reflect:2.11.1",
            "url": "http://files.minecraftforge.net/maven/"
        },
        {
            "MMC-hint": "forge-pack-xz",
            "name": "org.scala-lang:scala-swing_2.11:1.0.1",
            "url": "http://files.minecraftforge.net/maven/"
        },
        {
            "MMC-hint": "forge-pack-xz",
            "name": "org.scala-lang:scala-xml_2.11:1.0.2",
            "url": "http://files.minecraftforge.net/maven/"
        },
        {
            "name": "lzma:lzma:0.0.1"
        },
        {
            "name": "net.sf.jopt-simple:jopt-simple:4.5"
        },
        {
            "name": "com.google.guava:guava:17.0"
        },
        {
            "name": "org.apache.commons:commons-lang3:3.3.2"
        }
    ],
    "mainClass": "net.minecraft.launchwrapper.Launch",
    "mcVersion": "1.7.10",
    "minimumLauncherVersion": 14,
    "name": "Forge",
    "order": 5,
    "releaseTime": "1960-01-01T00:00:00-07:00",
    "time": "2015-11-10T16:43:29-05:00",
    "type": "release",
    "version": "10.13.4.1558-1.7.10"
}
